<?xml version="1.0" encoding="UTF-8"?>
<beans xmlns="http://www.springframework.org/schema/beans"
	xmlns:xsi="http://www.w3.org/2001/XMLSchema-instance"
	xsi:schemaLocation="http://www.springframework.org/schema/beans https://www.springframework.org/schema/beans/spring-beans.xsd">
	
	<!-- Root Context: defines shared resources visible to all other web components -->
	
	<bean id="dataSource"
      	class="org.springframework.jdbc.datasource.DriverManagerDataSource">
      	<property name="driverClassName"
         	value="oracle.jdbc.driver.OracleDriver" />
      	<property name="url"
        	 value="jdbc:oracle:thin:@localhost:1521:xe" />
      	<property name="username" value="aws01" />
      	<property name="password" value="aws01" />
   	</bean>
		
	<bean id="sqlSessionFactory" class="org.mybatis.spring.SqlSessionFactoryBean">
    	<property name="dataSource" ref="dataSource"/>
		<property name="typeAliasesPackage" value="com.ezen.FSB.dto"/>
    	<property name= "mapperLocations" value="classpath:com/ezen/FSB/mapper/*.xml"/>
  	</bean>	
		
	<bean id="sqlSession" class="org.mybatis.spring.SqlSessionTemplate">
    	<constructor-arg name ="sqlSessionFactory" ref="sqlSessionFactory"/>
   	</bean>
   	 <bean id="mailSender"
		class="org.springframework.mail.javamail.JavaMailSenderImpl">
		<property name="host" value="smtp.gmail.com" />
		<property name="port" value="587" />
		<property name="username" value="flyingsuperboard1004@gmail.com" />
		<property name="password" value="mlbrzloiwickwasi" />
		<property name="defaultEncoding" value="utf-8" />
		<property name="javaMailProperties">
			<props>
				<prop key="mail.smtp.auth">true</prop>
				<prop key="mail.smtp.starttls.enable">true</prop>
				<prop key="mail.smtps.ssl.checkserveridentity">true</prop>
				<prop key="mail.smtps.ssl.trust">*</prop>
				<prop key="mail.debug">true</prop>
				<prop key="mail.smtp.socketFactory.class">javax.net.ssl.SSLSocketFactory</prop>
			</props>
		</property>
	</bean>
   
	
</beans>
