<?xml version="1.0" encoding="UTF-8"?>
<beans:beans xmlns="http://www.springframework.org/schema/mvc"
	xmlns:xsi="http://www.w3.org/2001/XMLSchema-instance"
	xmlns:beans="http://www.springframework.org/schema/beans"
	xmlns:context="http://www.springframework.org/schema/context"
	xsi:schemaLocation="http://www.springframework.org/schema/mvc https://www.springframework.org/schema/mvc/spring-mvc.xsd
		http://www.springframework.org/schema/beans https://www.springframework.org/schema/beans/spring-beans.xsd
		http://www.springframework.org/schema/context https://www.springframework.org/schema/context/spring-context.xsd">

	<!-- DispatcherServlet Context: defines this servlet's request-processing infrastructure -->
	
	<!-- Enables the Spring MVC @Controller programming model -->
	<annotation-driven />

	<!-- Handles HTTP GET requests for /resources/** by efficiently serving up static resources in the ${webappRoot}/resources directory -->
	<resources mapping="/resources/**" location="/resources/" />
	<resources mapping="/resources/css/**" location="/resources/css/" />
	<resources mapping="/resources/js/**" location="/resources/js/" />
	

	<!-- Resolves views selected for rendering by @Controllers to .jsp resources in the /WEB-INF/views directory -->
	<beans:bean class="org.springframework.web.servlet.view.InternalResourceViewResolver">
		<beans:property name="prefix" value="/WEB-INF/views/" />
		<beans:property name="suffix" value=".jsp" />
	</beans:bean>
	
	<context:component-scan base-package="com.ezen.FSB" />
	
	<beans:bean id="multipartResolver"
		class="org.springframework.web.multipart.commons.CommonsMultipartResolver">
			<!-- <beans:property name="maxUploadSize" value="10485760"/> --> <!-- 바이트 단위로 계산해서 사이즈 지정 가능 -->
		</beans:bean>
	
		<beans:bean id="uploadPath" class="java.lang.String">
		<beans:constructor-arg value="C:\spring\FSB\src\main\webapp\resources\img"></beans:constructor-arg>
	</beans:bean>
		    <!-- NaverLoginBO Class에 대한 Bean설정 추가 -->
   <beans:bean id="naverLoginBO" class="com.ezen.FSB.NaverLoginBO" />
	
</beans:beans>
