<?xml version="1.0" encoding="UTF-8" ?> 
<!DOCTYPE mapper
 PUBLIC "-//mybatis.org//DTD Mapper 3.0//EN"
 "http://mybatis.org/dtd/mybatis-3-mapper.dtd"> 
 
<mapper namespace="com.ezen.FSB.mapper.loginMapper"> 

<!-- 아이디 넣어서 멤버 목록에서 dto 꺼내기 -->
 <select id="findMember" parameterType="String" resultType="MemberDTO">
 	select * from f_member where mem_id = #{id}
 </select> 
 
<!-- 이름 넣어서 멤버 목록에서 dto 꺼내기 --> 
 <select id="findId" parameterType="String" resultType="MemberDTO">
 	select * from f_member where mem_name = #{name}
 </select>
 
 <!-- 넘버 넣어서 멤버 목록에서 dto 꺼내기 --> 
 <select id="findIdnum" parameterType="String" resultType="MemberDTO">
 	select * from f_member where mem_num = #{num}
 </select>
 
 <!-- 닉네임  넣어서 멤버 목록에서 dto 꺼내기 --> 
  <select id="findNick" parameterType="String" resultType="MemberDTO">
 	select * from f_member where mem_nickname = #{nickname}
 </select>
 
 <!-- 이름 넣어서 멤버 목록에서 dto 꺼내기 --> 
 <select id="findNumber" parameterType="String" resultType="MemberDTO">
 	select * from f_member where mem_name = #{name}
 </select>
 
 
 <!-- 아이디 넣어서 멤버 목록에서 dto 꺼내기 --> 
 <select id="idMember" parameterType="String" resultType="MemberDTO">
 	select * from f_member where mem_id = #{id}
 </select> 
 
 
 <!-- 아이디 넣어서 멤버 목록에서 해당 아이디 비밀번호 꺼내기 --> 
 <select id="loginMember" parameterType="String" resultType="String">
 	select mem_passwd from f_member where mem_id = #{id}
 </select>
 
 <!-- 아이디 넣어서 개인/사업자 구분하기 --> 
  <select id="joinMember" parameterType="String" resultType="String">
 	select mem_join from f_member where mem_id = #{id}
 </select>
 
 <!-- 아이디  넣어서 멤버 목록에서 해당 dto 비밀번호 새로 셋팅하기 --> 
 <update id="changePw" parameterType="MemberDTO">
      update f_member set mem_passwd = #{mem_passwd} where mem_id = #{mem_id}
   </update>
   
 <!-- 방문횟수 확인을 위한, 해당아이디의 카운트를 +1로 바꿔주기 --> 
  <update id="plusCount" parameterType="MemberDTO">
     update f_member set mem_count = mem_count+1 where mem_id = #{mem_id}
   </update>

</mapper>

